crash_box,beam,normalized_mse,vector_rmse_mm
0.7,0.7,0.0033246499951928854,7.085339679874622
0.7,0.7999999999999999,0.002270509023219347,5.855302356004956
0.7,0.9,0.0016373128164559603,4.972256689130032
0.7,1.0,0.001478788210079074,4.725423096867307
0.7,1.1,0.0018615230219438672,5.301782603924569
0.7,1.2000000000000002,0.002846278017386794,6.555810164825004
0.7,1.3,0.004478984512388706,8.223893742654607
0.7999999999999999,0.7,0.0032979201059788465,7.056799449573839
0.7999999999999999,0.7999999999999999,0.0021840569097548723,5.742747021920126
0.7999999999999999,0.9,0.0015011564828455448,4.761027533564884
0.7999999999999999,1.0,0.0013060364872217178,4.440842442922316
0.7999999999999999,1.1,0.0016651684418320656,5.0143748410510725
0.7999999999999999,1.2000000000000002,0.0026464194525033236,6.321454990785809
0.7999999999999999,1.3,0.004307033494114876,8.064488641297626
0.9,0.7,0.0033181668259203434,7.078427994086316
0.9,0.7999999999999999,0.002148592844605446,5.6959316935210085
0.9,0.9,0.0014228998916223645,4.635268363702
0.9,1.0,0.0012012167135253549,4.258909318859478
0.9,1.1,0.0015536135761067271,4.843498993288686
0.9,1.2000000000000002,0.0025463036727160215,6.200729815285477
0.9,1.3,0.004243597853928804,8.004879902123362
1.0,0.7,0.003384646959602833,7.148985197619975
1.0,0.7999999999999999,0.002160948934033513,5.712286245583115
1.0,0.9,0.0013987530255690217,4.595769403309658
1.0,1.0,0.0011592124355956912,4.183783720518394
1.0,1.1,0.0015157719608396292,4.784148421292014
1.0,1.2000000000000002,0.002537230495363474,6.189672507165293
1.0,1.3,0.004286055453121662,8.044825028589093
1.1,0.7,0.0035010797437280416,7.270909036232946
1.1,0.7999999999999999,0.00222217570990324,5.792644924022014
1.1,0.9,0.0014260245952755213,4.64035512248457
1.1,1.0,0.0011754934675991535,4.2130617060231526
1.1,1.1,0.0015434183878824115,4.8275807292260104
1.1,1.2000000000000002,0.002604860346764326,6.271622829122987
1.1,1.3,0.004423204343765974,8.172524133115374
1.2000000000000002,0.7,0.003673556027933955,7.447852102835452
1.2000000000000002,0.7999999999999999,0.0023384143132716417,5.942216081064887
1.2000000000000002,0.9,0.0015081033343449235,4.772031041821324
1.2000000000000002,1.0,0.0012476970441639423,4.34052521138575
1.2000000000000002,1.1,0.0016305830795317888,4.962027600932021
1.2000000000000002,1.2000000000000002,0.0027359682135283947,6.427516996221784
1.2000000000000002,1.3,0.0046370490454137325,8.367747268260617
1.3,0.7,0.003907700069248676,7.681540440293194
1.3,0.7999999999999999,0.002516712062060833,6.1645939438599
1.3,0.9,0.001651610597036779,4.993919533804744
1.3,1.0,0.0013791630044579506,4.563473252896845
1.3,1.1,0.0017741883639246225,5.175920215855439
1.3,1.2000000000000002,0.002921826671808958,6.642245673501757
1.3,1.3,0.004908346105366945,8.609051373069184
