start,iteration,crash_box,beam,normalized_mse,vector_rmse_mm
0,0,1.0,1.0,0.0011592124355956912,4.183783720518394
0,1,1.0001207783061545,0.999541034019785,0.001158993225544691,4.183388119687833
0,2,1.0040343420241287,0.9919088271394679,0.0011570092756301165,4.179806050714376
0,3,1.0060287378855894,0.9915948209961958,0.0011568431509658694,4.179505969367679
0,4,1.0195736023140722,0.9918352070124904,0.0011562377912923694,4.178412288065469
0,5,1.0206578548054832,0.9924225315903743,0.001156225218437612,4.178389570111591
1,0,0.75,1.25,0.0034703698474913836,7.238950228505629
1,1,0.7519020002800971,1.2335670366883278,0.0032059126533567905,6.9576656159063495
1,2,0.8113769418951513,1.0044562095679466,0.001294399960897863,4.421014665583242
1,3,0.8370437236213343,0.9853695195221672,0.0012563836062327027,4.355608538038384
1,4,0.8915202178863724,0.9731170062117054,0.0012133356649428606,4.280339251639086
1,5,0.9775536896433658,0.976878899898072,0.001168211456388235,4.199991780488266
1,6,1.0212186358876059,0.9936943400946281,0.0011562766740098596,4.178482544659703
1,7,1.0202244903429478,0.9924719237948805,0.001156224636361003,4.1783885183514755
1,8,1.0205691853602323,0.9924175303251885,0.001156223937869072,4.178387256238987
2,0,1.25,0.75,0.0030405563302338123,6.77585707674619
2,1,1.2479619777295738,0.7636585179716349,0.0028545556124299765,6.5653361043294245
2,2,1.2037322961477295,1.025190170915123,0.001284332014620304,4.403787599231717
2,3,1.188849582943286,0.9904737975769461,0.0012350986944511533,4.318555858040947
2,4,1.1677502043458265,0.9870879290821286,0.0012172762071713805,4.287284232182314
2,5,1.0361984818649497,0.9871439146559525,0.0011577539844438434,4.1811510000393035
2,6,1.020271306360074,0.9921931095368497,0.0011562261497601867,4.1783912529272245
2,7,1.020583175378249,0.9923889346184378,0.0011562210274860263,4.178381997432849
3,0,0.75,0.75,0.0027126867789775133,6.4001114296011155
3,1,0.750575773185119,0.7608626075088978,0.0025967045221477747,6.261796898028853
3,2,0.8165414071759729,1.030921577703707,0.0013318444835022092,4.484504540773588
3,3,0.8307097651202001,0.9875005968092992,0.001263263402506709,4.367517635343211
3,4,0.8610262051214422,0.9839407121014011,0.0012321489630267024,4.313395867660369
3,5,1.0087088430736073,0.9909372964688576,0.0011566882021725178,4.179226056272701
3,6,1.0201891183108163,0.9926354971819032,0.0011562264990061522,4.178391883982913
3,7,1.0206169101601472,0.9924353139928741,0.001156223239377141,4.178385994126118
