crash_box,beam,mass_proxy,peak_mm,adjusted_peak_mm
0.7,0.7,0.7,379.6442565917969,379.6442565917969
0.7,0.85,0.7749999999999999,368.9682312011719,368.9682312011719
0.7,1.0,0.85,358.0980529785156,358.0980529785156
0.7,1.15,0.9249999999999999,345.7562561035156,345.7562561035156
0.7,1.3,1.0,331.371826171875,331.371826171875
0.85,0.7,0.7749999999999999,373.86004638671875,373.86004638671875
0.85,0.85,0.85,363.0068664550781,363.0068664550781
0.85,1.0,0.925,351.4266662597656,351.4266662597656
0.85,1.15,1.0,338.059326171875,338.059326171875
0.85,1.3,1.075,322.6839599609375,322.6839599609375
1.0,0.7,0.85,368.2537536621094,368.2537536621094
1.0,0.85,0.925,357.18450927734375,357.18450927734375
1.0,1.0,1.0,344.816650390625,344.816650390625
1.0,1.15,1.075,330.3677978515625,330.3677978515625
1.0,1.3,1.15,314.21746826171875,314.21746826171875
1.15,0.7,0.9249999999999999,363.1157531738281,363.1157531738281
1.15,0.85,1.0,351.570556640625,351.570556640625
1.15,1.0,1.075,338.3554992675781,338.3554992675781
1.15,1.15,1.15,322.9093933105469,322.9093933105469
1.15,1.3,1.225,306.2339782714844,306.2339782714844
1.3,0.7,1.0,358.33251953125,358.33251953125
1.3,0.85,1.075,346.21173095703125,346.21173095703125
1.3,1.0,1.15,332.14117431640625,332.14117431640625
1.3,1.15,1.225,315.90618896484375,315.90618896484375
1.3,1.3,1.3,299.1270751953125,299.1270751953125
