epoch,average_training_loss
1,3.8517578840255737
2,1.7965574748814106
3,1.2328338325023651
4,0.7936672680079937
5,0.6218289975076914
6,0.49510275945067406
7,0.4035309571772814
8,0.3533970583230257
9,0.31741986982524395
10,0.2946487423032522
11,0.27653382532298565
12,0.2631305009126663
13,0.2509873900562525
14,0.24313592910766602
15,0.23517737910151482
16,0.23215043917298317
17,0.22936390712857246
18,0.23115356639027596
19,0.23861624207347631
20,0.2571376943960786
21,0.27529317047446966
22,0.27156950160861015
23,0.23508364986628294
24,0.20460650883615017
25,0.19007458537817
26,0.19048412796109915
27,0.18465064279735088
28,0.18556957319378853
29,0.17920053005218506
30,0.18073992803692818
